dur_ns,gap_ns
771,0
1293,21017801
1893,21994842
1092,20996191
802,21012822
1162,21993459
871,20996271
791,20994718
1293,22005962
772,21002132
772,21001411
812,22000963
812,20981994
1573,21013985
1583,22017133
1273,20986813
1283,21014365
822,21967039
661,21002704
761,21001972
641,21985824
631,21016048
641,20996161
641,21995042
641,20991051
611,21007993
662,21980434
612,21000439
1082,21024725
1473,21991074
1122,21003515
661,20986212
611,21994872
611,21002623
671,20998625
1593,22021011
1282,20994197
1493,21063868
1362,21942704
1373,20994467
1563,21005639
1614,21979963
1633,21051826
1382,20983698
1303,21991274
1864,21019445
1684,20991522
1623,22001775
1884,21004987
1633,21002854
1392,22000482
2995,21058288
4669,20938442
1423,21974703
1423,21009125
1292,20980382
1302,22004359
1352,21014766
1974,21012371
1423,22001003
1263,20996211
1232,20982556
901,21998869
1804,21042237
1372,20962498
2204,22004740
3016,21024434
1393,20976183
2154,22053773
3046,20974349
1483,20974390
1403,21986486
1172,21006390
822,20966485
881,22022564
1453,21015006
1773,20995340
1293,22006633
772,20974029
621,20997965
642,22015199
651,20986684
591,20995269
1984,22054183
1312,20981774
1072,20993977
1002,21999530
1262,21054731
1062,20945335
641,21978711
1192,21034534
1693,21070591
1413,21911183
1142,20984419
2525,21047257
1703,21983611
1092,20985410
1192,21004367
3987,22101352
1102,20887736
972,21004737
1202,22030329
1183,20977004
861,20995060
752,21995762
932,21002894
1964,21065882
1463,21955257
1633,21048941
1482,20931439
1253,21999790
1262,21012512
1132,20992304
902,22000271
1102,21000379
851,21010388
1453,21990373
2104,21019254
1212,20961346
1252,21994020
1342,21013744
1383,21020807
1433,22001714
1393,20985471
912,20980922
741,22015160
1153,21000689
751,20990441
771,22002275
811,20982626
801,21009516
1001,21986115
1373,21008874
801,21010789
752,22003828
762,21000880
761,20998095
761,21999460
862,21000539
752,21001150
752,21998258
861,20990070
982,20996712
762,22015660
1332,21008194
1153,20995249
711,21992688
721,20999407
932,20999617
631,22002867
741,21017942
742,21010197
741,21999671
1172,20987214
752,20986883
892,22017434
922,20999888
791,21003796
591,22018596
651,20955895
602,21007692
591,21996214
632,21003104
812,20998676
942,22005401
722,20989729
651,20997764
742,22011162
731,20984179
771,21016900
1123,21989631
1092,21000550
1233,21004476
1212,22030038
831,20976334
662,20989137
541,22016012
531,20999206
551,21001391
551,21998849
541,21002563
551,20979059
552,22019297
552,21006801
551,20993046
731,22012074
611,20991963
571,21008193
541,21992437
541,21000028
551,21012763
581,22016682
751,21008024
531,20969090
531,22076945
1082,20923986
612,20983206
551,21994271
551,21035715
551,20980943
551,21994560
551,21007102
541,20990801
912,22014919
561,21014285
1122,20996983
1102,21986716
851,20991783
3847,21189495
1914,21831002
1122,20999859
882,20988095
771,21981066
1092,21018883
1152,21010248
1422,21996505
3817,21072665
922,20913345
792,21999049
1994,21042959
891,20965123
751,21991435
751,21004226
952,21006040
651,21994581
691,21002863
561,20987405
561,22001434
611,20996291
541,21002242
3066,22071426
581,20942650
642,20991983
651,22024558
531,20980221
662,20999657
751,22005572
1092,20998375
1433,21012221
1613,21992417
1223,21006831
771,20978218
751,21996655
742,21000869
922,21004407
1132,21990894
1032,21011329
551,20994168
1422,22004079
1282,21010107
1022,20990330
811,22005632
1222,21035415
1072,20968509
902,21995081
841,21001001
1382,20996181
1603,22018015
751,20982916
741,20993867
721,22000582
772,21013483
731,20988888
1102,21984101
892,21016609
781,21000089
781,22009259
782,21001871
781,20999468
1693,22040647
831,20968900
621,20989839
531,21990714
792,21023562
1142,20983628
851,21988059
1562,21027520
2144,20993005
1683,22007164
1262,21001021
1373,20975832
1202,22024939
801,20975692
1552,21090920
881,21899111
1173,21008714
962,21012382
8787,22014358
1232,20997003
1203,20982545
1412,22014048
1312,20999888
972,20989398
592,21988980
952,21003646
882,21003975
632,21992417
631,20999317
892,21009657
531,21994791
691,21001211
541,21018763
541,21977369
531,21002833
531,20997204
541,22002034
731,20998907
751,21017010
762,22013326
761,21001241
761,21001722
752,21999259
781,20993727
741,21010077
902,21990994
742,21001561
751,21005409
732,21980464
6111,21021740
942,20973658
812,21995523
981,21000119
822,21008103
1814,22040828
1122,20956026
1383,21023332
1032,21963212
681,21017311
672,21002763
751,22002486
711,20991703
802,20989919
722,22010591
731,21002704
761,20991352
732,21999149
1753,21018974
2164,21017251
1914,22013817
2364,20984690
2816,21020296
801,21951921
1032,21007122
1473,21025826
1292,21992127
751,20987495
1412,21025927
1293,21997416
1723,20985391
1182,20988747
1473,22019468
10159,21051806
1693,20960424
1553,21980905
902,20985210
1744,20996732
1112,22001404
1172,20996592
1943,21005389
902,21988479
911,21002804
1523,21011770
1192,21992457
761,20994919
781,21002493
901,22000422
1513,21008664
1523,21021800
1413,21991254
1252,20985472
892,20983236
1924,22031921
1012,20972868
1543,21031518
1472,22001945
1223,20997202
1954,21034804
1092,21941441
1483,21034634
1222,20985601
1533,22004870
1473,20998305
1452,20993437
5641,22156495
1263,20840528
1112,21027320
1783,22005923
1704,20988105
1202,20991082
8546,21986035
761,20989599
992,21003294
741,21998539
861,21010568
2044,21057957
9338,21939097
1052,21004016
1152,21007192
741,22002145
1352,21019866
1252,20989238
1112,21992577
1122,20995951
811,21001581
811,22004450
751,21014245
731,20991272
732,21997536
742,21003034
731,20997885
731,22000522
832,20999978
1052,20983107
1783,22010541
1153,20995419
761,21005229
971,21996124
1082,21007542
1012,20992134
1753,22045557
1262,20966345
1232,20978548
1512,22047110
1182,20958009
842,20992544
852,22000542
5099,21093956
1242,20927993
1293,21994610
1052,20997324
1392,21006040
1432,22015791
1042,20964060
2465,21067375
832,21929569
1012,21015728
1032,20999057
1654,22004629
1292,21020608
1343,20990079
962,21966208
1202,21022170
1463,21014385
1773,22015421
7915,21110767
1262,20861638
1433,21987447
1383,21026448
1283,20966375
942,22013737
952,20992815
1493,21012863
1653,22001123
872,20972186
1502,21039293
1693,21999740
2094,21006972
1893,20998716
3186,22035989
1132,20955595
991,20981213
1102,22018035
1132,20993135
1733,21021028
6222,21965506
1753,21030406
982,21004106
1222,21963152
1122,21008444
2405,21085339
1242,21930992
1163,21008694
1262,21002273
1493,21996044
1402,21002263
1613,21010137
2745,22053612
1473,20919016
1533,21012552
1523,21993138
5300,21069760
1543,20929476
1393,22002265
2004,21010278
1543,20981634
7615,21983079
1463,21016630
1984,21013313
1613,22033354
1593,20992725
1593,20992655
2585,22017644
1493,20971525
1332,21007192
1733,21992497
1502,20998095
1313,21007101
2835,22018126
1483,20985611
1142,20986283
3516,22034476
6271,21173866
2344,20812475
1763,22001324
1443,20979750
1864,21013694
1192,21975716
1462,21004507
1603,21023041
1443,21991946
1393,21001211
861,20974611
2935,22070033
1062,20946037
1463,20993726
2555,22061527
1282,20971886
972,20987054
1292,21991916
1583,20996872
1312,20989359
952,21977939
471,20999658
491,21012071
721,21992247
1011,21041487
6181,21076392
1593,21909601
1082,20983838
1343,20999377
2775,22019448
892,20963740
762,21001451
811,22036701
1212,20997684
1032,20964551
1252,22012395
902,21000519
711,21006261
811,22018025
982,20981744
1523,21014916
1844,21990834
951,20973399
762,21026808
762,21989161
751,21006000
752,21001561
1352,22028175
992,20978227
922,20969461
742,22026611
751,20998486
862,21015297
761,22001735
751,21011059
982,20999938
842,21976557
1092,21007383
1142,20981293
1413,22002005
982,20999027
631,20981934
841,22017154
791,20991903
682,21005879
661,21987578
611,20995851
752,21031367
752,21994531
761,21001652
792,21005719
802,21986225
791,21012523
791,20995610
801,21994481
791,21009376
792,20996401
792,22001374
791,21012983
802,20985521
792,22000472
801,20997905
802,21002152
791,22019809
811,21004327
792,20979539
761,21990083
661,21006992
681,20998155
1583,21998388
632,20993766
691,21000470
732,22009068
651,21003285
621,20993646
631,22004039
662,21005619
651,20987706
632,22006653
641,20996011
651,20996923
631,22005742
651,20997985
652,21005438
1122,22016272
972,20972657
852,21003305
841,22024628
761,20980502
731,20985220
751,22013617
761,21000079
731,20994929
702,22006563
621,20996713
611,21000739
751,22005923
762,20994678
691,21001281
632,21994120
1092,21034774
682,20975903
622,21995132
672,21000339
751,21010489
761,21989141
752,21002182
742,20999778
732,22000372
661,20999568
631,20998265
651,21997697
661,21005890
661,20997724
661,21997807
652,21008394
651,21000179
642,21992567
691,21000219
661,21001341
682,22000562
691,21000380
681,20998856
752,22029677
762,20997163
762,21002223
761,21988620
772,21009486
761,21003726
761,21997076
762,20982174
1002,21022792
1022,21967600
841,21022331
752,21007502
801,21975666
1072,21012883
781,20979580
862,22007585
852,21008224
731,20994749
601,21995242
712,21000920
671,21005449
791,21992127
602,21003384
731,21000310
591,21999129
601,20998165
632,21000900
601,21998449
671,21002754
1373,21013253
751,21989261
631,20996041
601,20999237
601,21999230
601,21004788
1392,21008254
1422,22053572
1412,20950305
2635,21046155
1292,21965056
1152,20994187
1693,21010980
1313,21996504
1172,20983167
962,21006781
1402,22004370
1092,20987234
1313,21025867
1452,21994051
2214,21014175
1362,20988427
1303,21987447
1072,21008895
921,21004508
1493,22004900
1133,20964932
1212,21013004
1082,21992797
691,20994639
751,21000910
652,22003267
691,20996773
581,20997123
541,21990063
581,21014756
581,21003154
731,21999100
581,20996642
732,21009336
631,21991606
571,21011109
551,20991342
551,22010632
541,21006190
1784,21016389
1152,21978812
921,21013564
752,20990280
752,22013156
732,20982886
791,21016901
771,21998749
761,21000870
782,21002112
1994,22042562
2274,20997163
771,20960184
1343,22015119
2034,21034804
751,20952520
772,21997015
761,21003035
761,20999317
772,21991645
891,21009427
812,20996391
802,21996485
791,20998977
982,21017922
1192,22009750
932,20977486
812,21005048
802,22000121
801,20998617
741,21001090
1002,22005331
1302,20998346
1733,20993166
1233,21992797
2365,21007092
2214,21008916
1332,22059022
1433,20932882
1192,20981193
692,21994551
1042,21030847
761,20974080
751,22021512
771,20997694
752,21002082
762,21998749
762,21000239
832,20992785
801,22008548
811,21002884
802,20994768
802,21998118
802,20999798
792,21000710
791,21998980
1042,20999828
1543,21029804
1042,21971458
1022,21002844
741,20998676
781,21975736
781,20996552
671,20999668
742,21999670
781,21007774
731,21000519
722,21997837
802,21016540
812,21012933
801,22000673
812,20998926
812,21001922
812,21997747
812,21002093
802,20997183
801,22002206
832,20994959
812,21005879
811,22002597
992,20995430
822,21001942
801,21997036
911,21005459
1153,20983136
1002,21981216
1613,21025607
741,20978308
741,21999611
681,21001491
601,21002373
762,22015781
791,21013344
1092,20992645
801,22002205
801,21004277
861,21006100
1383,21996805
761,20998546
771,20996482
762,21999550
752,21002323
772,20998025
761,21998619
761,21002463
772,21000900
761,21995794
791,21006671
831,21003385
802,21994270
801,21003235
1523,21002714
1162,22008738
772,20987995
761,20999899
791,22003949
772,20996281
882,20981484
762,22016412
2394,21089017
1343,20927902
1162,21994241
1964,21038230
2154,20972898
1233,21960106
1032,20991423
742,20993125
762,22018877
772,21016580
762,21000359
902,21998118
901,20985602
822,20988857
962,22009820
712,20992364
872,21004367
992,22003518
792,21000109
731,21013845
911,22007606
752,20969430
1193,21021860
1633,22033585
1844,20986623
651,20963811
1573,22016081
1323,20998015
1653,21005660
762,22003988
812,20977827
762,21001231
1352,22030950
741,20992905
742,20999908
732,21983791
741,21012092
742,21002192
732,21999621
751,21004708
732,20999106
742,21998699
752,21002133
762,20999167
741,21997447
741,21001992
1122,20984570
3247,22085091
2624,21124133
1763,20806915
2625,22323420
2755,21003225
2745,20770396
3356,22094830
2514,20803489
2003,21021469
2645,22310486
2655,20998435
1914,20710804
2695,22309124
2645,20720332
1562,20923565
2645,22337506
2905,20706717
2795,21002704
2765,22291400
2755,21002974
2705,20714170
2775,21986717
2936,20988216
2635,21296467
2024,21884213
2945,21120456
2855,21009226
2866,21997907
2875,21212269
3296,20787358
1834,21697281
9017,21023633
2394,20972688
2776,22299735
2625,21010278
3046,20952309
2875,22067619
2835,20980091
3306,20999979
2595,21724182
2735,21273443
2836,20708149
3076,22181393
2816,21113402
3316,20901774
2665,22098788
2765,20715483
961,20966215
2645,22317829
1783,20704753
2324,20989529
2645,22305346
1873,20690156
2755,21083215
2625,21909661
1292,20962258
2745,21106038
2565,21912046
2985,21039353
1403,20979169
2635,22032182
2655,20983498
2745,20985391
2785,22005351
2866,21291177
2024,20709802
2856,22302401
2675,20722106
1973,21027240
1623,21940058
1052,20994769
1012,20997724
2555,21998739
2906,21025206
2725,21295816
3146,21747105
2705,21176572
2725,21078145
2905,21766302
2816,20948621
2335,21043090
2345,21930170
9427,21011982
2695,21036196
2044,21961599
992,20978158
771,20998977
1032,21998508
952,21009487
922,20990831
1172,21994662
1673,21007873
901,21007333
1152,22010220
922,20981013
771,21004177
872,21981807
1132,21030456
1213,20998285
832,21980595
1422,21033753
1693,20995059
1002,21974543
781,21002524
781,20998997
1052,22000642
1363,21002243
1744,21052257
862,21941271
1082,21013043
1042,21001512
802,21998368
1022,21011150
762,20996141
752,22000322
772,21001822
771,20993938
761,21991926
792,21006230
862,21008695
792,21996695
762,21002684
751,21000901
752,21998498
982,20991984
752,20995660
772,22013998
772,21000910
791,20999799
972,21999941
761,20994769
932,20994037
872,22010892
761,20991443
751,21011150
761,21995743
761,21003245
1032,20997283
1002,21995313
761,20995731
772,20980872
632,21997146
572,21016670
541,20994689
531,21999781
531,21009337
571,20986313
581,21997356
1223,21016339
782,21005389
761,22012225
761,20999137
791,20986814
762,22008116
771,20994459
792,20997293
811,21986787
781,20999518
842,21019234
841,22007296
762,21004156
762,20997384
761,21997307
1032,20987214
752,21009326
772,21996625
752,20999488
742,20978418
732,22030639
741,21002574
761,21002714
851,21997707
762,20998385
741,20997565
742,21974042
742,21017171
741,20997905
1022,22024958
821,20981074
982,20997113
922,22001865
832,20993436
591,20984810
611,22001645
521,21013043
591,20995601
521,21998138
511,21002293
521,21000439
701,21994291
691,21002163
912,21008995
922,21991606
551,21007483
781,20999137
1292,22006203
732,20993496
1393,21006361
1623,22006434
1042,21017892
1393,20983668
962,21992217
902,21007302
722,20999057
661,21985234
1022,21016720
632,20993326
1162,21996696
1232,21007182
1122,20994789
651,21974904
1192,21026709
1062,21003075
732,21984211
691,20993427
681,21002293
652,22008136
1232,21009237
992,20988687
611,21996866
601,21000219
891,21012322
751,22001975
752,21001942
741,21003105
1202,21998839
641,20987255
721,21009086
862,21998979
761,21004217
741,20999939
1172,22004149
731,20994769
721,21003866
731,21984773
1012,21020447
631,20975202
671,21994331
621,21008324
732,21021008
1112,21991476
4167,21006331
1192,21002814
741,21986055
631,20992535
732,21025075
1833,21993099
1343,20990180
1172,21002504
751,21983150
821,21016149
1113,21007552
2705,22026562
1493,20975012
1583,20989719
942,21995904
751,20988337
751,21010178
982,21991625
631,21020237
631,20998947
561,21989612
571,21010078
561,21001612
551,21998158
781,21014586
811,20983147
792,21992487
792,21004427
792,20982245
1022,22012365
792,21004768
792,20996051
771,22001545
1182,21000700
1012,21001411
732,21999791
771,21016891
902,20987615
1102,22006574
912,20997314
732,20996161
732,22003428
911,21003296
821,20996011
732,22006363
1082,20992285
751,21001291
1152,22009880
1203,21000429
611,20979881
561,22006484
571,21005369
822,21001872
3296,22344510
2905,20698161
3106,21304241
1693,21722790
762,20934395
761,20998426
1613,22000523
1132,20993456
1062,21001972
1513,22006985
852,20976284
831,21023273
752,22001604
2725,21049462
2053,20962098
751,21990093
801,21001271
721,20999788
1462,22005332
781,20994508
742,21002864
741,21991075
742,21005609
751,21000510
792,22001474
762,20997604
752,21000931
1352,22008608
931,20993076
781,20999117
772,21999961
802,21002143
802,20998736
752,21998529
842,20998586
741,21005690
852,21999520
801,20992786
751,21008715
751,21992718
751,20996522
752,21007292
822,22006875
781,20993096
772,21001561
732,22005973
731,20975533
751,21020107
872,21997366
741,20989159
741,21017141
731,21991866
801,21000520
932,21006050
892,21995733
872,20987886
1032,21018885
782,21997246
751,21002554
751,20990551
762,22003858
752,21001612
1133,20999638
742,22001925
741,20998607
802,21003104
751,22000453
762,20996161
1042,21008225
772,21984251
751,21005510
752,21006410
741,21998219
802,20994578
862,21007503
902,22002326
751,20995491
751,21001361
811,22000603
732,20986162
771,21011000
741,21999020
972,20998205
802,21012943
771,21989452
731,21000069
801,21012212
751,21986516
741,21003305
751,21004187
1092,21972289
952,21025827
772,21014496
1292,21996005
772,21002763
1903,21039935
2384,22055035
781,20912394
1112,20996843
811,21997176
1343,21006180
712,20981083
631,21996796
781,21012873
761,21004117
762,21997987
751,20992886
822,21009907
782,21999120
1102,21003656
741,20987515
882,21994431
802,20996953
591,20996102
2786,22005832
752,21012192
822,21000309
762,21991656
761,21013014
751,21001642
1333,21981356
621,21003355
561,21001722
591,21998179
612,20988937
551,21008135
531,21998278
531,21000379
541,21003536
591,21998509
541,21002323
541,21000600
581,21994171
581,21004637
591,20998045
641,22018707
561,20986193
822,20976434
951,22030069
801,21009767
872,21000800
802,21001191
1052,22000142
812,20992785
2044,21038391
3186,22005232
982,20967978
1202,21009407
901,21990454
751,20994278
751,21003245
782,21994741
741,21004638
731,20999929
741,21999270
741,21001161
811,20998396
781,21995543
891,21006291
791,20999638
872,21996745
842,21002283
791,21000240
801,21998238
781,21003105
811,20999568
802,21999510
801,20999398
781,21002554
1603,22016212
812,20986583
771,20997685
741,21993289
741,21001081
742,21005789
741,21999792
1172,21004337
731,20990521
742,21998468
742,21000460
741,21000390
741,21998609
1322,21001572
741,21000680
601,21982158
1082,21020287
701,20977196
621,21990203
601,21009557
591,20996502
601,22008608
731,21000961
601,21001451
651,21986717
601,21019696
602,20992985
601,21998790
1253,21036076
732,20973409
652,21994401
622,21004968
621,20997064
622,22002566
641,21004237
631,20989800
641,22006153
641,20998386
631,20996993
611,22004580
631,21001823
631,20996923
631,21998378
632,20995931
641,21008485
631,21999541
642,21002934
691,21002494
631,21992968
642,21000109
641,21002885
631,22000653
631,21002323
641,20981965
631,22015220
641,20997484
641,20997084
631,22003979
641,21004257
631,21000359
621,21993359
651,21007724
631,20993296
651,21976157
982,21015929
762,21007412
681,22007156
611,20998075
621,21002123
1042,22031250
761,20973159
751,20994508
2264,22042402
1102,20966475
1753,21011892
1032,21959405
962,21008144
621,20987545
741,22023156
741,21005068
741,20997204
741,21992918
732,21007052
732,21004447
741,21996706
731,20998045
741,21000380
741,21999250
742,21003846
742,21000720
732,21997116
742,20998997
741,21000150
742,22003077
732,21000059
741,20999889
741,22000603
741,20999598
1132,21016480
741,21976808
741,21008445
741,21000239
742,22000372
741,20997254
741,21000139
742,22005171
731,20991564
731,21000790
741,22004781
731,20999027
742,20998716
731,22006945
1142,20997765
622,21008955
601,21976939
602,21004286
592,20997955
601,22011484
601,20993216
601,21009216
692,21993840
691,21008465
862,20985351
601,22007116
732,21000960
742,21002113
741,22000052
742,20993857
781,20996984
781,21997126
1012,21000389
902,21003796
742,22007476
741,21001051
742,21001181
742,21997627
741,21002965
741,21000570
742,21991826
742,21008585
732,21000179
712,21993259
812,20998837
861,21002945
771,22003879
781,21007994
892,21019505
782,21961890
912,21016149
792,20992395
791,22001545
741,21000229
742,21009266
1403,22003639
931,20995100
922,20978558
741,22012145
791,21007553
801,20996713
982,21979533
1192,21026799
1102,20977317
781,22003869
782,21016319
782,20999047
792,21999661
781,20997615
1282,21005429
1022,21986747
792,21002603
791,21006021
782,22000963
1082,21016430
641,20975333
601,21996475
942,20995540
602,21006621
1342,22017746
742,20985571
731,21007594
741,21999921
742,21001141
742,20999127
742,21999611
731,21000691
772,20996782
742,21989492
752,21017642
972,21000671
762,21995503
741,21001011
741,21003155
731,22006173
772,20984780
751,20989109
731,22018176
742,21004557
741,20996944
742,21997877
741,21002855
851,21001111
691,21984222
661,21009096
651,20998075
601,21995924
651,20999308
682,20987164
1343,22014890
712,20981544
712,21003195
892,22032042
1092,20971836
641,21004317
621,22017756
601,21000389
631,20993818
591,21993148
621,21008285
591,20997865
601,21999881
592,20998025
621,20999308
601,22009460
591,21000900
711,21002514
741,22004731
741,20993757
731,21002123
752,21998829
761,20975203
1102,21003225
741,22005151
742,21017121
741,21001412
742,21998799
731,21000430
852,21001231
1262,21992969
1372,20995771
742,20998746
651,22007767
631,21005810
601,21001461
621,21998790
591,20995621
601,21002243
981,22002677
601,20989749
601,21008856
602,22003598
631,20991193
601,21005770
591,21997467
601,21000029
621,20995550
701,22003228
601,21009156
602,20985311
591,22011484
601,20995561
601,21008054
601,21994862
591,21001932
601,20994709
672,22005983
1904,21017652
751,20980022
742,22002516
701,20989580
742,21008775
742,22001214
741,21001472
752,20999638
782,22003769
772,21001121
982,20998827
621,22000212
601,20998356
601,21000800
601,21996526
591,21002183
591,20998646
601,21992828
661,21013445
591,20989359
601,22003398
601,21007683
601,20997605
602,21995192
601,21001853
601,21002694
601,21998980
601,21001772
591,20998336
601,21993550
601,21006050
601,21000009
591,21998930
601,20999919
601,21002694
601,22000132
601,21000089
752,20980672
912,22004370
741,20997174
822,21002694
1472,22010963
1302,20986433
1512,21027992
1352,21989021
741,20978198
662,20998255
751,21987409
902,21034163
751,21000670
761,21993169
752,21002373
761,20998607
811,22002236
762,20995951
801,21018534
792,21999791
941,21001723
782,20993446
782,22004009
782,20997104
782,21006591
782,21992478
911,20998717
781,21009747
941,21994001
802,20993867
782,21006080
1002,21992508
781,21001412
782,21004948
782,22000573
782,20995450
791,21003306
781,21997477
782,21004347
782,21000159
791,22002517
792,20988427
781,21012172
782,22000352
792,20997895
782,21000911
781,21994652
802,21003305
1072,20983308
782,22019037
741,20997004
741,21000430
732,22001694
732,20991944
971,21005490
912,22002857
791,21002494
791,20997534
792,22001324
792,21002283
792,20995601
791,22002096
792,21000700
791,20998717
791,22002657
1163,21002473
782,20994088
771,22003048
772,20997664
771,20999108
771,22001585
761,20991212
781,20998687
771,21998669
762,21013554
782,20995751
772,21999892
761,21006111
741,21001251
741,21996986
742,20999478
731,21005029
742,21995152
741,21001332
742,21003846
742,21997056
741,20995962
1042,21004167
642,22003558
601,20997665
601,21001041
601,21997958
601,21020287
601,20983799
601,21998629
691,21005840
852,21010879
931,21998690
761,20997765
762,21005218
801,21999251
1162,20999508
742,21000770
1423,22037152
752,20949514
801,21000370
921,22013177
721,20983858
742,20999508
731,21997287
731,21002664
731,21001552
722,21996605
762,21004838
772,20997254
1333,22031311
712,20964472
711,20991984
721,21997628
741,21006461
711,20996152
731,22001364
932,21006040
752,20990842
722,22002316
731,21006101
791,21005550
782,22001153
852,20995411
761,20995791
1613,22006875
832,20996392
852,21002604
761,21989733
761,21016540
751,20995400
761,22002387
761,21001371
751,21000330
782,21998188
832,20987856
741,21016631
742,21985464
841,20989500
812,21014205
831,21995113
801,21016250
812,20999788
832,22002266
802,20997384
811,21000050
801,21999661
1142,21002914
862,21000270
801,21994682
812,21002483
2675,21008335
752,21981657
761,20994289
761,21016961
761,21996846
812,21006040
772,20995761
742,21998088
741,21000761
742,21003365
741,21999141
742,21005088
741,20996142
741,21997748
742,21005589
741,20995661
742,22000683
882,20997655
741,21005159
741,22000062
741,21000430
742,20995510
742,21999651
781,21003416
782,21001291
741,21998790
741,20998867
812,21001041
2344,21988951
1032,20995911
972,21007824
802,21990043
1263,21005730
972,20990501
822,22001996
782,21024575
762,21006802
762,21988370
761,20990311
782,20986674
1072,22011023
1152,20998396
871,21007804
1222,21997617
782,21000730
1173,21002173
732,21995123
782,21004227
942,21001983
881,21993971
902,21009366
1533,20997785
1523,21999431
2896,20992535
772,21011330
832,22008037
752,20991463
792,20992475
771,22011544
842,21005028
812,20985993
732,22010632
752,20999508
732,21002123
752,21997407
741,21003306
732,20988547
741,22002457
1133,21001431
1052,20999799
871,22014059
901,20997975
832,21000269
741,21998199
781,21014166
831,21003145
742,21996735
782,21002564
762,20998336
1552,22006495
741,20994198
2254,21019556
1433,21973171
1042,21006301
742,20990481
1372,22018988
1503,20961546
1042,21014236
611,21990424
841,21011792
1543,21018173
821,21977299
862,21006581
1292,20986434
791,22007767
771,20988457
771,20995671
791,22006845
731,21000991
731,20994278
732,22003979
821,21000240
751,20996132
732,22005181
1022,21006582
731,20987696
881,22001174
752,21006571
1292,21003326
1022,21988079
992,21026068
932,20979611
2004,21994151
731,20992776
702,20999928
702,21998319
842,21002153
721,21003947
741,22005683
722,21008284
732,21002584
701,21992178
712,21007352
801,21010860
981,21988731
902,21006100
802,20991884
722,21992137
651,21008916
771,21029355
731,21969855
731,20999047
761,21029705
921,22003569
841,20992515
802,21004447
751,21999732
801,21000520
1724,21008745
791,21960578
691,21005650
752,21003425
762,21982459
772,20998937
761,20998016
752,21998208
852,21000841
801,21022341
802,21991255
791,21005510
801,21000310
802,21999330
801,21002745
801,21000911
881,21997397
822,20987966
862,21002263
902,22012175
752,21015228
751,21008656
761,22000192
761,21000260
782,20999828
772,22001475
751,20998577
801,21001532
1753,22010662
1904,20992705
812,20998546
782,21998940
762,20998837
771,21000661
762,21972099
741,21028012
731,21036608
731,21956841
741,21004618
922,21008344
792,21973482
681,20993958
792,21002804
771,22025621
762,20999738
741,20989520
1372,21986256
2464,21080691
681,20917113
971,22009450
932,21001582
1002,20991042
742,22017705
721,20982657
732,20997003
682,21995884
732,21024786
831,20989480
702,22030519
622,20966576
601,21000871
601,21994532
591,21001913
711,21007082
622,21995403
711,21001192
711,20991914
742,22031982
741,20976445
711,21001412
631,21995884
631,20998246
721,20995260
671,21990564
701,21015779
631,21004688
631,21992458
632,21002393
612,21003115
611,21999672
641,20995050
771,21000410
731,22005903
671,20993046
651,21004838
662,21998048
752,21029745
1173,20973299
892,21994141
772,21012122
752,20992074
682,21998850
621,21001663
622,21000900
601,21998410
611,20998897
802,21010969
691,21986948
782,21012282
601,20991403
611,22003128
611,20998246
601,21002854
621,21997317
641,21007303
732,20987856
681,22004070
641,21004508
652,20999237
651,21997157
601,20999438
611,21000500
611,21999952
642,21003676
611,20997425
642,22005221
671,20993347
1112,21037139
1232,21977420
651,20992094
621,21035336
831,21977189
1042,21030116
1042,20962278
881,22004360
791,20994900
682,20994498
882,22006665
822,20982165
731,21000671
661,21994381
561,21013114
571,20995170
721,22006204
691,21004738
801,20989059
751,22010341
762,20995390
671,21004649
611,21995874
621,21002283
551,20996292
561,22000303
571,20997635
561,21003395
582,22000603
551,20996483
541,21004538
751,22002787
681,20997675
611,20999538
631,21999301
631,21001712
612,20994829
581,22004641
581,21000541
571,21002273
641,21998409
771,21030767
772,20999368
771,21999121
781,21001742
772,21001782
801,21997448
761,21001602
712,20972497
631,21991747
581,21006491
571,20997014
621,22003729
641,20999418
591,20998436
772,22004801
781,20996994
681,21005229
781,21992598
711,21005800
611,20997404
601,22000003
561,20999317
561,21000571
731,22003258
1313,21017131
812,20969141
791,22013468
721,21000400
762,21015668
752,21983020
751,21031880
772,20997103
741,21973653
792,20999688
691,20998627
711,21998549
632,21003135
641,21001422
651,21996015
691,20992445
792,21010148
671,21999030
761,21018855
731,20979751
731,22006665
752,21024725
751,21001182
762,21998208
751,21001793
751,20996443
732,21975365
732,21001622
731,20997926
752,22001865
802,21001923
651,20999108
752,22003989
762,21024846
772,20999879
732,21971378
782,20994339
741,21007634
752,21997617
691,20999469
781,20996953
792,22001885
732,21002304
711,21002444
751,21997978
762,20999418
661,21003286
712,21997296
762,21000240
761,21002294
771,21996836
671,21000410
631,20999749
671,22000803
661,21004919
701,20999418
701,21995343
732,21001602
652,20998957
692,22003509
661,20990341
682,21010108
761,21999632
782,20999648
761,20999148
682,21990594
651,21009197
701,21000330
681,21998489
651,21000741
772,21002363
792,21999872
752,21003566
711,20996513
621,21996856
762,21006912
712,20996773
692,21997908
701,21001994
772,21029003
762,21972500
741,20995822
752,21006000
752,21998790
751,20998056
1292,21024776
2295,22045978
792,20927593
761,21008125
742,21995443
721,20994750
702,21008244
742,22015341
732,21010419
731,20985312
1082,21997878
771,20997735
691,20999999
741,22008478
741,20998447
751,21013354
721,21974053
681,20997785
701,20996433
651,22006564
721,20999238
672,21000660
631,21996506
621,21001432
611,21001021
761,21997568
781,21004217
681,21003125
642,21993419
621,20997205
631,21005790
631,21997467
631,21002123
601,20999739
611,21999631
621,21003727
621,20992705
611,22003469
621,21001442
731,20998937
741,22000914
731,21030006
721,20976976
712,22003618
731,21018104
741,21003005
931,21977580
701,20991914
662,21005018
641,21994492
741,21004608
731,21018344
721,21980325
722,20992114
701,21016220
801,22017746
732,21000870
762,21001322
742,21961860
762,21016280
631,20988688
821,22001245
741,21006251
741,21014186
821,21992548
761,20991333
691,20999228
651,21989612
642,21012172
601,20998637
621,21999491
621,21006161
621,20996202
682,21999581
671,21000090
702,20996933
711,22005643
821,21022001
651,20983989
672,21991195
692,20994950
601,21008435
611,21996947
611,21020658
791,21012112
912,21993169
732,21005710
901,20975574
701,21996145
1864,21012452
3186,21022372
2475,22008307
2796,21036067
2755,21480675
2905,21907889
2955,20606418
2645,21012202
1994,21955418
2715,21033823
4429,20989339
3246,22290620
2805,20748045
2905,21365778
2675,21616019
2665,20983718
2485,20998066
2745,22109108
2435,20861568
1773,21006121
2655,22457033
2846,20573746
2996,21401736
3216,21607964
3526,21048130
2645,21364095
2806,21599267
2655,21262223
2605,20723429
2916,22046399
2815,20953322
1412,20957780
2965,22038254
2655,21056395
2735,20955746
1493,21948465
2785,21053951
2786,20977106
2655,22320215
3176,20668716
3105,21114425
3176,21929028
3226,21411344
2204,20605216
2726,21984823
2895,21030237
2424,20921171
1984,22035759
2756,21029755
2755,20983549
2966,22019378
3326,20939586
1022,21001873
521,21968232
3096,21094627
2936,21387279
2896,21545837
3246,21011221
2886,21004637
2896,22015812
1864,20958842
1563,21016220
2344,22002397
952,20967628
882,20998747
2605,22323321
2785,20764135
3627,20934326
2635,22020671
1913,20996623
2736,21030927
2865,22016624
2725,21397568
2715,20999939
2414,21538313
2505,21295485
2334,20700456
1393,21976387
1684,21006211
2625,21537672
2775,21544304
2645,20956437
772,20957690
632,22003208
941,21011572
2525,21005459
1142,21992518
2955,21334650
1943,20685367
3176,22479114
2885,21001903
1854,20982085
2645,21546128
992,20968189
1854,21489551
2605,21866421
2344,20725863
2074,20937892
2665,22050488
2845,21466558
1443,20453029
782,22012425
842,20979912
882,20992956
892,22007196
762,21014847
772,21006261
822,21984703
801,20991975
631,21006241
631,22004881
622,20999358
692,20986013
662,22004701
761,21005440
631,20992996
631,22006805
1052,21021179
752,20998206
771,22000173
751,21001001
812,20971275
721,22009370
632,21000109
631,21001583
632,21999781
1002,21007324
711,20994689
1022,22010632
1393,21026289
651,20956648
782,22009680
1022,21008435
801,20991885
772,22015190
791,20991003
1433,21013054
761,21979634
761,20998386
762,21004157
882,22005202
762,21005209
1232,21065393
952,21938706
1704,21008856
2054,21023324
932,21956029
1032,21006672
981,20991524
1232,22077788
781,20935318
762,21005579
1183,21995063
1363,20990782
781,20996834
1112,21993019
892,20995721
992,20995361
671,22005823
711,20998306
702,20982456
731,22017025
872,21006611
812,20986424
912,22003759
822,21002314
982,21005740
741,21999071
722,20995400
631,21014547
641,21991947
841,21007454
721,20999879
712,21991486
1603,21031088
932,20973890
1042,22030851
641,20965875
3216,21022862
1012,22002647
621,20990762
842,21015719
791,21968353
781,21004648
601,20996302
682,21985144
732,21032601
932,20993527
731,21995865
1373,21005299
732,21013334
841,21987760
641,21000680
642,20999398
662,21999301
611,21000671
591,21003105
621,21987389
601,21009677
591,20996022
952,21987078
832,21018123
761,21006472
1212,21994081
1302,21004578
771,20989079
821,22002397
922,20985822
722,21009357
651,21990094
651,20998857
701,21009387
732,22011814
672,20998677
601,20994439
661,22011795
1192,21014066
721,21004107
722,21987588
722,20998557
801,21003827
922,22002106
1002,20999178
731,20999629
721,21999561
731,20999188
732,20997484
722,22004691
771,20997986
731,20995040
721,22006194
772,20994609
721,21006242
731,22000543
742,20997875
1182,20988608
792,22000022
831,21000090
1363,21033362
712,21967701
631,20996533
601,20995421
601,22002788
651,21005169
611,20994118
601,22004491
601,20987786
591,21002895
611,22009781
601,20996432
601,21002665
601,21998870
601,20990952
771,21055464
721,21959326
962,21014436
1813,21009167
912,21989993
731,20998046
751,20998417
741,21995704
661,20991493
642,20997414
601,22000524
602,21004427
601,20997205
601,22001775
601,20999739
701,20999268
632,21997868
601,21001743
601,21000491
611,21997347
591,20998997
601,21006923
591,21999341
921,21008205
592,20993837
601,21994031
601,21023704
601,21007734
591,21995464
692,20987536
601,21226727
631,21759509
712,21011701
1412,21014237
1803,22019158
751,21014918
601,20958090
611,21983832
601,20995681
591,21008686
601,21998780
601,21011992
2104,21002664
731,21976919
641,20996753
641,21003526
651,20995511
632,22013878
681,21005470
671,20984370
742,21989843
692,21022241
741,20999740
711,21986697
642,21017732
782,21032611
621,21963083
621,21001873
621,20995912
621,22000092
641,20999829
621,21001402
1262,22001055
1122,21007974
772,21008375
752,21998179
771,21001342
741,20997054
772,22006093
782,20990502
761,20991704
741,21992378
722,21008445
752,21010309
811,22008088
781,20983438
782,20997795
801,22017165
781,20998777
731,20997234
802,22003569
742,21003626
751,21000080
831,21990755
732,20994649
772,20999829
751,22011855
741,20988949
751,21011571
751,22000363
752,21002403
872,20988508
1453,22000103
741,20987596
752,21011751
751,22011104
741,21000540
1302,21022963
671,21955238
721,21006832
692,20998897
621,21995394
642,21008976
751,21000521
972,21999601
762,21012513
741,20989891
751,22009640
761,21002324
761,20998477
721,21985074
701,21007213
771,20997094
751,21992097
762,21003566
741,21012143
731,22003689
731,20995541
731,21005159
731,21999732
851,20975694
732,21008575
1443,22011244
3326,21048671
1273,20969722
851,21989333
741,21001983
732,21000109
962,21998309
721,21001513
731,20980663
732,22018226
922,20998747
782,21000290
751,22000684
772,21001542
781,21002094
751,21996556
722,21000219
742,21000180
721,21998610
721,21004057
772,20997845
752,21999371
722,21002013
892,20991003
741,21983722
652,21007583
601,21000731
601,21996776
601,21004378
591,21004378
631,21994642
601,21003085
641,20998076
611,22002407
591,20998337
601,20998647
611,22003388
602,20997795
731,21013025
611,21982489
601,21005720
611,21002554
912,21998600
611,20999298
591,21004408
591,22001956
691,21003366
892,20999929
591,21989242
601,21005931
601,20999308
601,21997197
611,21005059
601,21001282
601,21995604
591,21001743
591,20988828
591,22001225
601,21004938
601,20992245
591,22014049
601,20998657
632,20997224
762,22016794
761,20996293
762,21006461
762,21988521
762,21009277
762,21000390
812,22004531
762,20997705
772,20989540
781,22008599
762,21002203
762,21000811
762,21992819
901,21007544
971,20992706
761,22003659
731,21003486
772,20999087
731,21997148
731,21001642
741,21001813
761,21998670
711,20979902
722,21015648
742,22004020
721,21003697
772,20999378
721,21997328
791,21003205
721,21000060
721,21999381
942,21001532
731,21000130
741,21999341
731,21001242
742,20993186
711,22004371
751,20983138
731,21007734
1012,21994171
942,21002304
721,21003416
731,22008598
742,21003556
721,21000471
761,21998790
731,20993848
771,21007123
762,22000032
772,21000080
821,21002705
882,21997888
782,21001993
782,20997675
782,21998820
951,20991795
782,20999237
761,22011224
782,20999949
772,21000751
831,22000414
782,20999057
781,21003857
741,21997157
741,20994189
922,21008896
731,21996876
731,20998036
722,21004728
741,22003289
731,20997705
731,20987897
902,22010712
722,20999789
1042,20992425
741,22007026
